{"cameraMode":{"drawMode":0,"name":"Shaded","section":"Shading Mode"},"sceneLighting":true,"audioPlay":false,"sceneViewState":{"showFog":true,"showMaterialUpdate":false,"showSkybox":true,"showFlares":true,"showImageEffects":true,"showParticleSystems":true},"in2DMode":false,"pivot":{"x":556.2323608398438,"y":3.8238885402679445,"z":678.7806396484375},"rotation":{"x":0.12254209816455841,"y":0.8170353174209595,"z":-0.18855710327625276,"w":0.5309848189353943},"size":4.303112983703613,"orthographic":false}