{"cameraMode":{"drawMode":0,"name":"Shaded","section":"Shading Mode"},"sceneLighting":true,"audioPlay":false,"sceneViewState":{"showFog":true,"showMaterialUpdate":false,"showSkybox":true,"showFlares":true,"showImageEffects":true,"showParticleSystems":true},"in2DMode":false,"pivot":{"x":2.2028913497924806,"y":5.954543590545654,"z":-4.082400321960449},"rotation":{"x":-0.018641185015439988,"y":0.9592068195343018,"z":-0.06514333188533783,"w":-0.2744734287261963},"size":9.550000190734864,"orthographic":false}